A-1	Institution name changes between FY 2021 and FY 2022 Higher Education Research and Development Survey
A-2	Total and federally financed higher education R&D expenditures at surveyed institutions reporting less than $150,000 in separately accounted for R&D expenditures: FY 2022
A-3	Institutions surveyed for the Higher Education Research and Development Survey, by highest degree granted and survey population: FYs 2017–22
A-4	Response rates for the Higher Education Research and Development Survey, by survey population, highest degree granted, and institutional control: FY 2022
A-5	Response rates for the Higher Education Research and Development Survey, by survey form and question: FY 2022
A-6	Imputed amounts for total higher education R&D expenditures, by survey population and highest degree granted: FY 2022
A-7	Imputed amounts for total higher education R&D expenditures, by survey population and source of funds: FY 2022
A-8	Imputed amounts for higher education R&D expenditures from foreign sources, by source of funds: FY 2022
A-9	Imputed amounts for externally financed higher education R&D expenditures, by type of agreement: FY 2022
A-10	Imputed amounts for higher education R&D expenditures in a medical school, by institutional control: FY 2022
A-11	Imputed amounts for higher education R&D expenditures in clinical trials, by source of funds: FY 2022
A-12	Imputed amounts for total and federally financed higher education R&D expenditures, by type of R&D: FY 2022
A-13	Imputed amounts for total and federally financed higher education R&D expenditures received as a subrecipient, by survey population and type of pass-through entity: FY 2022
A-14	Imputed amounts for total and federally financed higher education R&D expenditures passed through, by survey population and type of subrecipient: FY 2022
A-15	Imputed amounts for total and federally financed higher education R&D expenditures at institutions in the standard form population, by R&D field: FY 2022
A-16	Imputed amounts for total and federally financed higher education R&D expenditures at institutions in the short form population, by R&D field: FY 2022
A-17	Imputed amounts for higher education R&D expenditures, by type of cost: FY 2022
A-18	Imputed amounts for total and federally financed higher education R&D equipment expenditures, by R&D field: FY 2022
A-19	Federally financed higher education R&D expenditures from federal agencies not specified in question 9: FY 2022
A-20	Response summary for question 13, capitalization thresholds, by highest degree granted, institutional control, and capitalization threshold: FY 2022
1	Higher education R&D expenditures, by source of funds: FYs 1953–2022
9	Higher education R&D expenditures, by source of funds and type of R&D: FYs 2010–22
10	Higher education R&D expenditures, by R&D field: FYs 2010–22
21	Higher education R&D expenditures, ranked by FY 2022 R&D expenditures: FYs 2010–22
24	Federally financed higher education R&D expenditures, ranked by FY 2022 R&D expenditures: FYs 2010–22
2	Higher education R&D expenditures, by source of funds and survey form: FYs 2010–22
3	Higher education R&D expenditures, by source of funds, R&D field, and survey population: FY 2022
4	Higher education R&D expenditures received from and passed through to other U.S. higher education institutions, by source of funds and survey population: FY 2022
5	Higher education R&D expenditures at higher education institutions in both survey populations, ranked by all R&D expenditures, by source of funds: FY 2022
6	Higher education R&D expenditures at institutions in both survey populations, by state, institutional control, system, and institution: FY 2022
7	Total and federally financed higher education R&D expenditures at higher education institutions in both survey populations, ranked by FY 2022 total R&D expenditures: FYs 2019–22
8	Total and federally financed higher education R&D expenditures, by type of R&D: FYs 1953–2022
11	Federally financed higher education R&D expenditures, by R&D field: FYs 2010–22
12	Nonfederally financed higher education R&D expenditures, by R&D field: FYs 2010–22
13	Higher education R&D expenditures, by source of funds and R&D field: FY 2022
14	Federally financed higher education R&D expenditures, by federal agency and R&D field: FY 2022
15	Higher education R&D expenditures from foreign sources, by highest degree granted and institutional control: FYs 2010–22 and by source of foreign funds for FYs 2016–22
16	Externally funded higher education R&D expenditures, by highest degree granted, institutional control, and type of agreement: FYs 2010–22
17	Higher education R&D expenditures, by type of cost, highest degree granted, and institutional control: FYs 2010–22
18	Higher education R&D expenditures for equipment, by R&D field, source of funds, and institutional control: FY 2022
19	Total R&D expenditures within medical schools, by institutional control: FYs 2010–22
20	Higher education R&D expenditures for clinical trials, by source of funds, highest degree granted, and institutional control: FYs 2010–22
22	Higher education R&D expenditures, ranked by all R&D expenditures, by source of funds: FY 2022
23	Higher education R&D expenditures, ranked by all R&D expenditures, by R&D field: FY 2022
25	Federally financed higher education R&D expenditures, ranked by all federal R&D expenditures, by R&D field: FY 2022
26	Federally financed higher education R&D expenditures, ranked by all federal R&D expenditures, by federal agency: FY 2022
27	Higher education R&D expenditures funded by state and local governments, ranked by all R&D expenditures, by R&D field: FY 2022
28	Higher education R&D expenditures funded by institutional funds, ranked by all R&D expenditures, by R&D field: FY 2022
29	Higher education R&D expenditures funded by businesses, ranked by all R&D expenditures, by R&D field: FY 2022
30	Higher education R&D expenditures funded by nonprofit organizations, ranked by all R&D expenditures, by R&D field: FY 2022
31	Higher education R&D expenditures funded by all other sources, ranked by all R&D expenditures, by R&D field: FY 2022
32	Higher education R&D expenditures at historically black colleges and universities, ranked by all R&D expenditures, by source of funds: FY 2022
33	Higher education R&D expenditures at historically black colleges and universities, ranked by all R&D expenditures, by R&D field: FY 2022
34	Higher education R&D expenditures at high-Hispanic-enrollment institutions, ranked by all R&D expenditures, by source of funds: FY 2022
35	Higher education R&D expenditures at high-Hispanic-enrollment institutions, ranked by all R&D expenditures, by R&D field: FY 2022
36	Higher education R&D expenditures at all institutions, ranked by all non-medical school R&D expenditures: FY 2022
37	Higher education R&D expenditures at public institutions, ranked by all R&D expenditures, by source of funds: FY 2022
38	Higher education R&D expenditures at private institutions, ranked by all R&D expenditures, by source of funds: FY 2022
39	Total and federally financed higher education R&D expenditures in the computer and information sciences, ranked by FY 2022 total: FYs 2019–22
40	Higher education R&D expenditures in the geosciences, atmospheric sciences, and ocean sciences, ranked by all FY 2022 geosciences, atmospheric sciences, and ocean sciences: FYs 2019–22 and by subfield for FY 2022
41	Federally financed higher education R&D expenditures in the geosciences, atmospheric sciences, and ocean sciences, ranked by all FY 2022 geosciences, atmospheric sciences, and ocean sciences: FYs 2019–22 and by subfield for FY 2022
42	Higher education R&D expenditures in the life sciences, ranked by all FY 2022 life sciences: FYs 2019–22 and by subfield for FY 2022
43	Federally financed higher education R&D expenditures in the life sciences, ranked by all FY 2022 life sciences: FYs 2019–22 and by subfield for FY 2022
44	Total and federally financed higher education R&D expenditures in the agricultural sciences and natural resources and conservation, ranked by FY 2022 agricultural sciences and natural resources conservation total: FYs 2019–22
45	Total and federally financed higher education R&D expenditures in the biological and biomedical sciences, ranked by FY 2022 total: FYs 2019–22
46	Total and federally financed higher education R&D expenditures in the health sciences, ranked by FY 2022 total: FYs 2019–22
47	Total and federally financed higher education R&D expenditures in mathematics and statistics, ranked by FY 2022 total: FYs 2019–22
48	Higher education R&D expenditures in the physical sciences, ranked by all FY 2022 physical sciences: FYs 2019–22 and by subfield for FY 2022
49	Federally financed higher education R&D expenditures in the physical sciences, ranked by all FY 2022 physical sciences: FYs 2019–22 and by subfield for FY 2022
50	Total and federally financed higher education R&D expenditures in chemistry, ranked by FY 2022 total: FYs 2019–22
51	Total and federally financed higher education R&D expenditures in physics, ranked by FY 2022 total: FYs 2019–22
52	Total and federally financed higher education R&D expenditures in psychology, ranked by FY 2022 total: FYs 2019–22
53	Higher education R&D expenditures in the social sciences, ranked by all FY 2022 social sciences: FYs 2019–22 and by subfield for FY 2022
54	Federally financed higher education R&D expenditures in the social sciences, ranked by all FY 2022 social sciences: FYs 2019–22 and by subfield for FY 2022
55	Total and federally financed higher education R&D expenditures in engineering, ranked by FY 2022 total: FYs 2019–22
56	Higher education R&D expenditures in engineering subfields, ranked by all FY 2022 engineering R&D: FYs 2020–22 and by subfield for FY 2022
57	Federally financed higher education R&D expenditures in engineering subfields, ranked by all FY 2022 engineering R&D: FYs 2020–22 and by subfield for FY 2022
58	Higher education R&D expenditures in non-science and engineering fields, ranked by all FY 2022 non-S&E fields: FYs 2020–22 and by subfield for FY 2022
59	Federally financed higher education R&D expenditures in non-science and engineering fields, ranked by all FY 2022 non-S&E fields: FYs 2020–22 and by subfield for FY 2022
60	Federally financed higher education R&D expenditures, financed by the Department of Defense, ranked by DOD R&D expenditures, by R&D field: FY 2022
61	Federally financed higher education R&D expenditures, financed by the Department of Energy, ranked by DOE R&D expenditures, by R&D field: FY 2022
62	Federally financed higher education R&D expenditures, financed by the Department of Health and Human Services, ranked by HHS R&D expenditures, by R&D field: FY 2022
63	Federally financed higher education R&D expenditures, financed by the National Aeronautics and Space Administration, ranked by NASA R&D expenditures, by R&D field: FY 2022
64	Federally financed higher education R&D expenditures, financed by the National Science Foundation, ranked by NSF R&D expenditures, by R&D field: FY 2022
65	Federally financed higher education R&D expenditures, financed by the Department of Agriculture, ranked by USDA R&D expenditures, by R&D field: FY 2022
66	Federally financed higher education R&D expenditures, financed by all other federal agencies, ranked by other agency R&D expenditures, by R&D field: FY 2022
67	Higher education R&D expenditures, by state: FYs 2010–22
68	Higher education R&D expenditures, by state, institutional control, and institution: FYs 2010–22
69	Higher education R&D expenditures, by state and source of funds: FY 2022
70	Higher education R&D expenditures, by state, institutional control, institution, and source of funds: FY 2022
71	Higher education R&D expenditures, by state, institutional control, institution, and R&D field: FY 2022
72	Higher education R&D expenditures at institutions with a medical school, by state, institutional control, and institution: FY 2022
73	Higher education R&D expenditures at institutions reporting clinical trials, by state, institutional control, institution, and source of funds: FY 2022
74	Total and federally financed higher education R&D expenditures received as a subrecipient, by highest degree granted and institutional control: FY 2022
75	Total and federally financed higher education R&D expenditures passed through to subrecipients, by highest degree granted and institutional control: FY 2022
76	Total and federally financed higher education R&D expenditures received as a subrecipient, by state, institutional control, and institution: FY 2022
77	Total and federally financed higher education R&D expenditures passed through to subrecipients, by state, institutional control, and institution: FY 2022
78	Headcount and FTEs of R&D personnel at higher education institutions, by state, institutional control, institution, and personnel function: FY 2022
79	Higher education R&D expenditures in science and engineering fields, ranked by FY 2022 R&D expenditures: FYs 2010–22
80	Federally financed higher education R&D expenditures in science and engineering fields, ranked by FY 2022 R&D expenditures: FYs 2010–22
81	Higher education R&D expenditures in science and engineering fields, by state: FYs 2010–22
82	Higher education R&D expenditures at institutions in the short form survey population in FY 2022, by state, institutional control, and institution: FYs 2019–22
83	Higher education R&D expenditures at institutions in the short form survey population, by state, institutional control, institution, and R&D field: FY 2022
84	Federally financed higher education R&D expenditures at institutions in the short form survey population, by state, institutional control, institution, and R&D field: FY 2022
85	Higher education R&D expenditures received from and passed through to other U.S. higher education institutions, at institutions in the short form survey population, by state, institutional control, institution, and source of funds: FY 2022
